"Protein","Loading"
"A0A1S5UZ07;Q9Y490",-0.702416659742943
"P67936;V9HW56",-0.585217504089456
"P26038;V9HWC0",-0.244644546354153
"K7ELW0;Q99497;V9HWC2",-0.193762529164491
"P04083;Q5TZZ9",-0.193240292224752
"A2RTY6;D3DRR6;P19823;Q5T985",0.108344887474729
"A8K486;P62937;V9HWF5",-0.0954445259719252
"P0DJI8",-0.0734186046929732
"A0A024RA55;A0A3B3ISS6;A8K7R3;B2R5R1;B4DLL5;B4DN79;B4E3D4;Q14956;Q14956-2",0.05542470843107
"Q9GZL9",-0.0091741329328259
